New York City, New York
Los Angeles, California
Chicago, Illinois
Houston, Texas
Phoenix, Arizona
Philadelphia, Pennsylvania
San Antonio, Texas
San Diego, California
Dallas, Texas
San Jose, California
Austin, Texas
Jacksonville, Florida
San Francisco, California
Indianapolis, Indiana
Columbus, Ohio
Fort Worth, Texas
Charlotte, North Carolina
Seattle, Washington
Denver, Colorado
El Paso, Texas
Washington, D.C.
Boston, Massachusetts
Detroit, Michigan
Nashville, Tennessee
Memphis, Tennessee
Portland, Oregon
Oklahoma City, Oklahoma
Las Vegas, Nevada
Louisville, Kentucky
Baltimore, Maryland
Milwaukee, Wisconsin
Albuquerque, New Mexico
Tucson, Arizona
Fresno, California
Sacramento, California
Kansas City, Missouri
Mesa, Arizona
Atlanta, Georgia
Miami, Florida
Omaha, Nebraska
Raleigh, North Carolina
Long Beach, California
Colorado Springs, Colorado
Virginia Beach, Virginia
Oakland, California
Minneapolis, Minnesota
Tulsa, Oklahoma
Arlington, Texas
Tampa, Florida
New Orleans, Louisiana
Wichita, Kansas
Cleveland, Ohio
Bakersfield, California
Aurora, Colorado
Honolulu, Hawaii
Anaheim, California
Santa Ana, California
Riverside, California
Corpus Christi, Texas
Lexington, Kentucky
Stockton, California
St. Louis, Missouri
Henderson, Nevada
St. Paul, Minnesota
Cincinnati, Ohio
Pittsburgh, Pennsylvania
Greensboro, North Carolina
Plano, Texas
Newark, New Jersey
Toledo, Ohio
Lincoln, Nebraska
Orlando, Florida
Chula Vista, California
Jersey City, New Jersey
Chandler, Arizona
Fort Wayne, Indiana
Buffalo, New York
Durham, North Carolina
St. Petersburg, Florida
Irvine, California
Laredo, Texas
Lubbock, Texas
Madison, Wisconsin
Gilbert, Arizona
Norfolk, Virginia
Reno, Nevada
Winston-Salem, North Carolina
Glendale, Arizona
Hialeah, Florida
Garland, Texas
Scottsdale, Arizona
Irving, Texas
Chesapeake, Virginia
North Las Vegas, Nevada
Fremont, California
Baton Rouge, Louisiana
Richmond, Virginia
Boise, Idaho
San Bernardino, California
Spokane, Washington
Des Moines, Iowa
Modesto, California
Birmingham, Alabama
Tacoma, Washington
Fontana, California
Rochester, New York
Oxnard, California
Moreno Valley, California
Fayetteville, North Carolina
Aurora, Illinois
Glendale, California
Yonkers, New York
Huntington Beach, California
Montgomery, Alabama
Amarillo, Texas
Little Rock, Arkansas
Akron, Ohio
Grand Rapids, Michigan
Salt Lake City, Utah
Tallahassee, Florida
Huntsville, Alabama
Worcester, Massachusetts
Knoxville, Tennessee
Grand Prairie, Texas
Newport News, Virginia
Brownsville, Texas
Overland Park, Kansas
Santa Clarita, California
Providence, Rhode Island
Garden Grove, California
Oceanside, California
Rancho Cucamonga, California
Santa Rosa, California
Tempe, Arizona
Springfield, Illinois
Jackson, Mississippi
Elizabeth, New Jersey
Cedar Rapids, Iowa
Cary, North Carolina
Athens, Georgia
Topeka, Kansas
Thousand Oaks, California
Lafayette, Louisiana
Simi Valley, California
Santa Clara, California
Victorville, California
Vallejo, California
Abilene, Texas
Evansville, Indiana
Round Rock, Texas
Davenport, Iowa
Tyler, Texas
Sioux Falls, South Dakota
Waco, Texas
Visalia, California
Springfield, Massachusetts
Pasadena, Texas
Fort Collins, Colorado
Pembroke Pines, Florida
Joliet, Illinois
Escondido, California
Roseville, California
Palmdale, California
Midland, Texas
Killeen, Texas
Elizabeth, New Jersey
Columbia, South Carolina
Lafayette, Indiana
Pomona, California
West Valley City, Utah
Carrollton, Texas
Topeka, Kansas
Thornton, Colorado
Beaumont, Texas
Independence, Missouri
Murfreesboro, Tennessee
Ann Arbor, Michigan
Springfield, Missouri
Berkeley, California
Peoria, Illinois
Provo, Utah
El Monte, California
Columbia, Missouri
Lansing, Michigan
Downey, California
Costa Mesa, California
Inglewood, California
Miami Gardens, Florida
Manchester, New Hampshire
Elgin, Illinois
Wilmington, North Carolina
Waterbury, Connecticut
Lowell, Massachusetts
West Palm Beach, Florida
Fairfield, California
Burbank, California
Richmond, California
Arvada, Colorado
Pompano Beach, Florida
Norwalk, California
Everett, Washington
South Bend, Indiana
Charleston, South Carolina
Rialto, California
Thornton, Colorado
Jurupa Valley, California
Gainesville, Florida
Kent, Washington
Lafayette, Louisiana
Pomona, California
Santa Maria, California
Burbank, California
El Cajon, California
Inglewood, California
Ventura, California
Sparks, Nevada
Lakewood, New Jersey
Beaverton, Oregon
Allentown, Pennsylvania
Santa Clara, California
Tyler, Texas
McKinney, Texas
Erie, Pennsylvania
Stamford, Connecticut
Simi Valley, California
Athens, Georgia
Costa Mesa, California
Surprise, Arizona
Gainesville, Florida
Visalia, California
Thornton, Colorado
Warren, Michigan
Cedar Rapids, Iowa
Round Rock, Texas
Topeka, Kansas
Salem, Oregon
Lancaster, California
Thousand Oaks, California
Beaumont, Texas
Independence, Missouri
Columbia, South Carolina
Hollywood, Florida
Springfield, Missouri
Lansing, Michigan
Providence, Rhode Island
Peoria, Illinois
El Monte, California
Murfreesboro, Tennessee
Arvada, Colorado
Charleston, South Carolina
Birmingham, Alabama
Anchorage, Alaska
Phoenix, Arizona
Little Rock, Arkansas
Los Angeles, California
Denver, Colorado
Bridgeport, Connecticut
Wilmington, Delaware
Jacksonville, Florida
Atlanta, Georgia
Honolulu, Hawaii
Boise, Idaho
Chicago, Illinois
Indianapolis, Indiana
Des Moines, Iowa
Wichita, Kansas
Louisville, Kentucky
New Orleans, Louisiana
Portland, Maine
Baltimore, Maryland
Boston, Massachusetts
Detroit, Michigan
Minneapolis, Minnesota
Jackson, Mississippi
Kansas City, Missouri
Billings, Montana
Omaha, Nebraska
Las Vegas, Nevada
Manchester, New Hampshire
Newark, New Jersey
Albuquerque, New Mexico
New York City, New York
Charlotte, North Carolina
Fargo, North Dakota
Columbus, Ohio
Oklahoma City, Oklahoma
Portland, Oregon
Philadelphia, Pennsylvania
Providence, Rhode Island
Charleston, South Carolina
Sioux Falls, South Dakota
Nashville, Tennessee
Houston, Texas
Salt Lake City, Utah
Burlington, Vermont
Virginia Beach, Virginia
Seattle, Washington
Charleston, West Virginia
Milwaukee, Wisconsin
Cheyenne, Wyoming
